Order ID,Amount,Profit,Quantity,Category,Sub-Category,Discount
B-25796,"632,0",-316,6,Clothing,Saree,
B-25985,108,26,4,Clothing,Shirt,
B-25735,15,-7,1,Clothing,Hanky,
B-25797,413,-314,9,furniture,Chairs,
B-25929,216,-135.00%,3,Furniture,Chairs,
B-25994,196,-7,5,Electronics,Phones,
B-25656,13,-1,3,Clothing,Hankerchief,None
B-25961,366,84,3,Furniture,Bookcases,
B-25846,94,7,7,Cloth.,Leggings,
B-25967,229,59,9,Clothing,SAREE,
B-26081,24,11,3,Clothing,Hankerchief,
B-26099,₹2366.0,552,5,Clothing,Trousers,
B-25703,42,-23,2,Furniture,Furnishings,
B-25893,688,103.00%,6,Electronics,Accessories,
B-25858,2457.0 INR,665,11,ELECTRONICS,Electronic Games,
B-26051,600,102.00%,5,Electronics,Electronic Games,
B-25802,633,-633,11,Electronics,accessories,
B-25907,30,11,5,Clothing,Hankerchief,
B-25757,98,9,2,furniture,Furnishings,
B-25937,₹1101.0,352,3,Furniture,Bookcases,
B-25765,139,14,3,clothing,Stole,
B-25976,193,8,4,Clothing,T-shirt,
B-25825,140,6,5,Clothing,Saree,
B-25708,191,13.00%,8,Furniture,Furnishing,
B-25751,"43,0",-5,2,Clothing,Saree,15%
B-26100,828,230,2,Furniture,Chairs,
B-26040,38,9,2,Clothing,Stole,
B-25914,125,22.00%,3,Clothing,Stole,
B-26089,27,-4,1,Clothng,Hankerchief,
B-26096,140,-56,4,Clothing,Shirt,
B-25901,158,-38,3,Clothing,Hankerchief,15%
B-26070,₹75.0,29,1,Clothing,Trousers,
B-26007,311,72,2,Furn.,Bookcases,
B-25653,168,-10,3,electronics,Accessories,
B-25730,18,8,2,Clothing,HANKERCHIEF,
B-25755,1709,564.00%,3,Clothing,trouser,
B-25703,17,-3,2,Clothing,stole,
B-25850,117,36,2,Clothing,Trousers,
B-25985,₹197.0,20,4,Clothing,Kurti,
B-26034,425,183,5,Electornics,Accessories,
B-25996,62,6,6,Clothing,Skrts,
B-25800,122,-66,9,Electronics,ACCESSORIES,
B-26058,212,97,7,Clothing,Hankerchief,
B-25629,1560,421,3,Clothing,Trousers,
B-26050,32,6,3,Clothing,Shirts,
B-25751,43,21,3,Clothing,Shirt,
B-25954,₹146.0,66,1,Electronics,Phones,
B-25693,13,-13,2,Clothing,Skirt,
B-25703,186,-141,9,Clothing,Shirt,
B-25621,"333,0",-15,3,Electronics,Phones,
B-25807,16,-6,1,Clothing,Stole,
B-25751,534,5,2,Elect.,Electronic Games,
B-25683,₹155.0,56,-3,Furniture,Furnishings,
B-25778,109,-6,6,Clothing,Saree,
B-26076,133,46,5,Clothing,Shirt,
B-25834,16,5,1,Clothing,Stole,
B-25830,₹1063.0,64.00%,7,ELECTRONICS,Phones,
B-25901,61,28,2,Clothing,Hankerchief,
B-25803,185,48,4,clothing,Stole,
B-25983,161,-229,8,Furniture,Furnishings,
B-25621,233,-10,5,Electronics,Electronic Games,
B-25630,143,-129.00%,2,Electronics,Phones,
B-25701,33,-12,5,Clothing,Hankerchief,
B-25981,245,-91,2,Furniture,Bookcases,
B-26061,642,-180,5,Clothing,Saree,
B-25830,71,0,8,Clothing,SKIRT,
B-25933,207,-100,2,Clothing,Saree,
B-25874,124,54,5,Clothing,T-shirt,
B-25955,110,20,5,Clothing,STOLE,
B-25651,11,-4,2,Clothing,Skirt,
B-26098,82,8,3,Electronics,Accessories,
B-25796,₹239.0,-162,5,Furniture,Chairs,
B-25962,544,-152,3,Furniture,Bookcases,
B-26025,41,-19,5,Clothing,Hankerchief,
B-25956,474,56,4,Electronics,Phones,
B-25633,249,-130,4,Electronics,Phones,
B-25731,"131,0",-154,8,Furniture,Furnishings,
B-25883,105,26,8,Clothing,Leggings,
B-26086,762,-101,6,Electronics,Printers,
B-25685,45.0 INR,-2,4,Clothing,Shirt,
B-25967,119,-24,4,Furniture,Furnishings,None
B-25696,116,-4,1,Clothing,Saree,None
B-25749,1052,-82,3,Furniture,BOOKCASES,
B-25651,7,0,1,Clothing,Leggings,
B-25610,107,-54,4,clothing,Stole,
B-25685,51,7,2,Furniture,Furnishings,
B-25753,27,-20,2,Clothing,Hankerchief,
B-25656,₹24.0,-1.00%,2,Clothing,Hankerchief,
B-25628,24.0 INR,-9,4,Clothing,Sarees,
B-25735,7,-1,2,Clothng,Skirt,
B-25793,18,1,3,Clothing,Hankerchief,
B-25856,257.0 INR,3,2,Clothng,Saree,
B-26056,19,-18,4,Clothing,Kurti,
B-25863,₹189.0,-87,7,Clothing,stole,
B-25821,125,0,3,Electronics,accessories,
B-25889,114,11,4,Clothing,T-shirt,
B-25761,40,0,3,Clothing,Saree,
B-26003,114,41,6,furniture,Furnishings,
B-26056,213,-145,3,Furniture,Bookcases,
B-25870,473,113,9,Clothing,HANKERCHIEF,
B-25959,637,212.00%,8,Electronics,Phones,
B-25929,154,-85,3,Furniture,Chairs,
B-26094,₹152.0,50,6,Clothing,Stole,
B-25977,74,29,3,Clothing,Stole,
B-25851,10,2,2,Clothing,Hankerchief,
B-25767,9,-9,2,Cloth.,Kurti,10%
B-26054,88,20,2,Clothing,Saree,
B-25995,"1314,0",342,3,furniture,Book Cases,
B-25617,305,-270,5,Electronics,Electronic Games,
B-25625,59,30,3,Clothing,Leggings,
B-26003,128,47,4,Clothing,Hankerchief,
B-25996,333,50,2,Electronics,Phones,
B-25608,476,0,3,Furniture,Chairs,
B-25773,24,-14,2,Clothing,saree,
B-25760,322,-193,5,Electronics,Printers,
B-26099,835.0 INR,267,5,Electronics,Phones,
B-25881,2115,23,5,Furniture,Chairs,
B-25956,140,28,2,electronics,Phones,
B-26087,40,10,2,Clothing,Stole,
B-25751,221,-15,2,Electronics,Electronic Games,
B-25913,₹103.0,-21,7,Clothing,stole,
B-25942,646,-23.00%,2,Electronics,Printers,
B-25650,28,-26,2,Clothing,Stole,
,,,,,,None
B-25818,36,0,4,Clothing,Kurti,
B-26048,1104,209,4,Clothing,Trousers,
B-25878,₹46.0,0,4,Clothing,Leggings,
B-25682,545,-73,11,Electronics,Phones,
B-25676,1263,-56,5,Clothing,Pants,
B-25858,22,8,3,Clothing,Hankerchief,
B-25855,442,-31,2,Elect.,Electronic Games,
B-26096,45,9,3,Clothing,Leggings,
B-25972,115,47,2,Electronics,Accessories,
B-25633,496.0 INR,-79,2,Clothing,Trousers,
B-25856,74,29,3,Clothing,Stole,
B-26061,27,8,2,Clothing,T-SHIRT,
B-25691,714,-56,4,Clothing,Saree,
B-25936,61,25,4,Clothing,Saree,
B-25603,12,1,2,clothing,Hankerchief,
B-25928,25,-10,1,Furniture,Furnishings,
B-25723,26,-24,1,Clothing,Stole,
B-25950,158,-29,10,Clothing,Hankerchief,
B-26083,43,8,3,Clothng,Leggings,
B-25761,418,70,7,Electronics,Phones,
B-25696,117,-6,3,Electronics,Mobile Phones,
B-25778,₹724.0,-447,4,Electronics,Electronic Games,
B-25885,94,27,2,Clothing,Shirt,
B-25781,25,-1,4,Clothing,Kurti,
B-25927,200.0 INR,7,4,Electronics,Electronic Games,
B-25981,62,8,2,Clothing,T-shirt,
B-25661,₹224.0,-81,3,Furniture,Chairs,
B-25667,516,69,4,Furniture,Bookcases,
B-25797,148,-101,2,Furn.,Bookcases,
B-25861,216,-83,3,Electronics,Electronic Games,
B-25898,₹53.0,5,3,Clothing,T-shirt,
B-25951,250,-100,3,Clothing,Trousers,
B-26033,111,-35,5,Clothing,Shirts,
B-25757,46,14,5,Clothng,Skrts,
B-25717,138,-3,5,Clothing,Saree,
B-25681,68,-27,3,Electronics,Accessories,
B-25954,27,0.00%,2,Clothing,Leggings,10%
B-25947,207,33,2,Electronics,Accessories,
B-25726,490,-128,8,Furniture,Bookcases,
B-25616,14,-2,3,Clothing,Hankerchief,
B-25750,73,-31.00%,1,Furniture,Bookcases,
B-25858,27,-5,2,Clothing,Skirt,
B-25850,₹45.0,1,3,clothing,TShirt,
B-25752,₹761.0,-266,9,Electronics,Electronic Games,
B-25645,273,-87,4,Electronics,Phones,
B-25648,100,-23,1,ELECTRONICS,Phones,
B-25787,229,-41,8,Elect.,Accessories,
B-26009,285,128,2,Electronics,Printes,
B-25698,"207,0",-153,3,Clothing,Saree,
B-25959,429.0 INR,17,3,Furniture,Chairs,
B-25800,45,12,7,Clothing,Hankerchief,
B-25910,1622,-624,5,Furniture,Table,
B-25953,87,36,5,Clothing,Stole,
B-25847,643,225,2,electronics,Printers,
B-25651,₹823.0,-18,7,Furniture,Chairs,
B-25851,237,47,9,Clothing,T-shirt,
B-25696,275,-275,4,Clothing,Saree,
B-25870,845,84,7,Clothing,Saree,
B-25904,871,131,2,Furnituer,Bookcases,
B-25964,89,6,5,CLOTHING,Saree,
B-25951,742,198,-2,Furniture,Bookcases,
B-25729,1549,-439,4,Electronics,Phones,
B-26053,246.0 INR,61,2,Furn.,Bookcases,
B-25610,₹43.0,0,3,Clothing,Saree,
B-25830,54,1,2,Clothing,Saree,
B-25845,274,-7,4,Elect.,Phones,
B-25803,511,194,3,Furniture,Chairs,
B-25754,19,0,3,Cloth.,Skrts,
B-25850,148.0 INR,24,3,Clothing,STOLE,
B-25790,₹42.0,-3.00%,1,Electronics,Electronic Games,
B-25897,43,5,3,Clothing,Stole,
B-25723,16,-12,2,Clothing,Stoles,
B-25841,22,-11,2,Clothing,Skirt,
B-26038,₹30.0,6.00%,1,Clothing,T-shirt,
B-25728,771,-424,2,Electronics,Phones,
B-25655,74,23,8,Clothing,Skirt,
B-25898,147,73,3,Clothing,Stole,
B-26050,₹382.0,92,2,Electronics,Printers,
B-25902,₹79.0,6,7,Clothing,Sarees,
B-25783,25,-11,1,Clothing,Stole,
B-25939,469,33,4,electronics,electronic games,
B-26019,585,175,13,Clothing,T-shirt,
B-25785,₹595.0,292,3,Clothing,Saree,
B-25781,30,-25.00%,2,Clothing,T-shirt,
B-25999,₹223.0,62,7,Clothing,Shirt,
B-25983,230,5,2,Clothing,Saree,
B-25663,₹294.0,138,2,Electronics,Printers,
B-25835,₹52.0,11,5,Clothing,Leggings,
B-25708,81,-51,7,clothing,Stoles,
B-25866,51,14.00%,2,Clothing,Stole,
B-25627,55,-39,4,Clothing,Stole,
B-25840,298,74,2,Furniture,Book Cases,
B-25683,245,-3,4,Electronics,PHONES,
B-25902,268,6,2,Furniture,Bookcases,
B-26055,1218,420,8,Furnituer,Bookcases,
B-25689,149,36,3,Clothing,Stole,
B-25778,"933,0",166,5,Clothing,Saree,
B-26001,₹13.0,0,2,Clothing,Hankerchief,None
B-25933,₹81.0,-44,3,Clothng,Stoles,
B-25666,934,-916,7,Electronics,Electronic Games,
B-26001,8,2,2,Clothing,Skirt,
B-25892,₹139.0,-30,3,Clothing,Shirt,
B-25796,28,1,1,Electronics,Accessories,5%
B-25947,290,35,6,Clothing,Handkerchief,
B-25675,929,-93,9,Clothing,Saree,
B-25787,₹556.0,-209,7,Clothng,SAREE,
B-25610,68,-55,5,Electronics,Accessories,
B-25623,₹105.0,20.00%,2,Clothing,Stole,
B-26099,207,-37,4,Clothing,hankerchief,
B-25898,499,33,4,Clothing,saree,
,73,-36,3,Furniture,chair,
B-25797,1630.0 INR,-802,5,Furniture,Table,
B-25893,355,114,7,Clothing,stole,
B-25755,134,-34,2,Furniture,Chairs,
B-25950,54,27,2,Clothing,Stole,
B-25888,223,-4,3,ELECTRONICS,Phones,
B-25928,122,15,3,Electronics,Accessories,
B-26056,220,40.00%,2,Electronics,Acces.,
B-25721,191,51.00%,5,Clothing,Shirt,None
B-26023,1117,447,10,Furniture,Bookcases,
B-25809,154,54,3,Clothing,Hankerchief,
B-25921,170.0 INR,19,5,Clothing,T-shirt,
B-25885,394.0 INR,146,2,Furniture,Bookcases,
B-25643,36,-7,1,Electronics,Electronic Games,
B-26050,169.0 INR,55,4,Clothing,Saree,
B-25700,129,-75,5,Clothing,SHIRT,
B-25603,24,-30,1,Furniture,Chairs,
B-25810,307,74,3,Electronics,Accessories,
B-26098,59,15,2,Clothing,T-shirt,
B-25935,1657,460,4,Furnituer,chair,
B-25952,14,0,4,Clothing,Hankerchief,
B-25823,104,2,2,Furniture,Furnishings,
B-25853,199,48,4,Clothing,Stole,
B-26052,15,1,1,Clothing,Shirt,
B-25751,32,7,3,Clothing,Hankerchief,
B-25989,44,14,3,CLOTHING,Hankerchief,
B-26091,158,69,3,Clothing,Stole,
B-26093,492,187,2,Electronics,Accessories,
B-25993,201.0 INR,-32,4,Furn.,Furnishings,
B-26089,59,24,6,Clothing,Kurtis,
B-25681,1096,-658,7,Electronics,electronic games,
B-25801,49,-31,2,Clothing,Stoles,
B-25930,595,119,4,Furniture,Bookcase,
B-26087,119,56,7,Clothing,Saree,
B-25693,72,-49,1,Electronics,Phones,
B-26030,291,93,2,Electronics,Printers,
B-25670,₹14.0,2,1,Clothing,Hanky,
B-25725,23,-5,7,Clothing,Hankerchief,
B-25742,11,-8,2,Clothing,Skirt,
B-26093,148,25,3,Clothing,Saree,
B-25625,97,29,2,Clothing,Hankerchief,
B-25702,"31,0",-3,4,clothing,Saree,
B-25965,17,7,3,Clothing,Hankerchief,
B-25751,68,-56,2,electronics,Mobile Phones,
B-25952,173,69,3,Furniture,Chairs,
B-26057,"54,0",-8,4,Clothing,T-shirt,
B-26003,498,-116,4,Clothing,Saree,
B-25715,416,137,3,Electronics,phone,
B-25973,4141,-1698,13,Electronics,Printers,
B-25759,20.0 INR,-9,6,Clothing,Hankerchief,
B-25989,338,41,7,Clothing,Hankerchief,
B-25877,1137,568,2,Clothing,Trousers,
B-25848,648,50,6,Electronics,Elec. Games,
B-25681,44,-3,1,Clothing,Saree,
B-26038,52.0 INR,-14,2,Clothing,Stole,
B-25664,83,-48.00%,1,Furniture,Book Cases,
B-26028,115,0,1,Electornics,Accessories,
B-25635,23,-2,2,Clothing,Skirt,
B-26071,21,4,3,Clothing,Hankerchief,
B-25721,149.0 INR,-40,2,Elect.,Phones,
B-25991,188,-13,7,Clothing,shirts,
B-25649,27,-25,2,Clothing,Stole,
B-26098,₹497.0,179,3,Furniture,Chairs,
B-25910,259,47,5,Clothing,Hankerchief,
B-25979,₹12.0,1,2,Clothing,Hankerchief,
B-25735,12,-2,3,Cloth.,Hankerchief,
B-26030,50,25,5,Clothing,Stole,
,32,1,2,Clothing,Stoles,
B-25800,21.0 INR,-6,3,Clothng,Leggings,
B-25902,1700,85,3,Clothing,Trousers,
B-25801,21,-10.00%,4,Clothing,Leggings,
B-25909,108,22.00%,3,Electronics,Accessories,
B-25974,662,240,2,Furniture,Bookcases,
B-25806,632,-114,4,Furniture,Tables,
B-25717,₹55.0,-33,2,Furniture,Chairs,
B-26099,9,3,1,Clothing,Skirt,
B-25952,935,114,4,Electronics,Electronic Games,
B-26006,1301,573,5,Electronics,Accessories,
B-26061,508,203,2,Electronics,Accessories,
B-25752,76,27,5,Clothing,stole,
B-26016,134,-13,3,Electronics,Electronic Games,
B-25751,65.0 INR,-4,6,Clothing,Hankerchief,
B-25811,126,52,4,Clothing,Hankerchief,
B-25993,221,26,7,Furniture,Furnishings,
B-26051,85.0 INR,24,10,Clothing,Hankerchief,
B-26008,10,-1,1,Clothing,Saree,10%
B-25945,245.0 INR,10,2,Furniture,Bookcases,
B-25687,387,-213,5,Clothing,Saree,
B-25967,17,2,2,Clothing,Skirt,
B-25746,87,-16,2,Clothing,Saree,
B-25891,97,36,7,Clothing,Hankerchief,
B-25831,693,254,6,Clothing,SAREE,
B-25954,"148,0",9,1,Electronics,Electronic Games,
B-25710,53,-18,4,Clothing,T-shirt,
B-25952,147,48.00%,3,Clothing,Saree,
B-25638,880,97,8,Furniture,Furnishings,
B-26078,557,111,2,Electronics,ELECTRONIC GAMES,
B-25693,76,-72,9,Clothing,Hankerchief,
B-25698,87,-83,5,Clothing,kurti,
B-26098,96,48,5,Clothing,Leggings,
B-26100,72,16,2,Clothing,Shirt,
B-26017,78,7,1,Furniture,Chairs,
B-25993,4363,305,5,Furniture,Tables,
B-25750,42,-15,12,Clothing,Skirt,
B-25973,79,39,2,Clothing,Shirt,
B-25676,674.0 INR,-187,2,Furniture,Tables,
B-25650,211,-105,2,Clothing,Saree,
B-25854,381.0 INR,144,2,Clothing,Saree,
B-25798,448,148.00%,2,Electronics,Printers,
B-25656,651,169,5,Electronics,printer,
B-25885,349,0,7,Clothing,Stole,
B-25962,260,-68,2,Electronics,Printers,
B-25997,16,6,3,Clothing,Hankerchief,
B-25953,116,22,1,Electronics,Accessories,
B-25940,55,-4,2,Clothing,Stole,
B-25697,322,-193,5,Electronics,Printers,
B-25896,31,11,3,Clothing,skirts,
B-26054,₹138.0,11,5,Clothing,Stole,
B-26001,149,17,4,Furniture,Furnishings,
B-25610,781,-594,6,Electronics,Printers,
B-26053,₹27.0,6.00%,3,Clothing,Skirt,
B-25671,832,0.00%,3,Clothing,Trousers,
B-25952,352,-18,5,Clothing,Trousers,
B-25851,103,46,2,Clothing,Saree,
B-26045,376,0.00%,7,Clothing,Stole,
B-25751,14,-3,2,clothing,Leggings,
B-25916,80,26,9,Clothing,Skirt,
B-25909,1622,248,3,Electronics,Phones,15%
B-25870,10.0 INR,4,1,Cloth.,Kurti,
B-25661,7,-1,2,Cloth.,Hankerchief,
B-25961,26,3,3,Cloth.,Skirt,
B-25919,₹110.0,12,7,Clothing,Stole,
B-25764,765.0 INR,-153,2,Electronics,PHONES,
B-25756,₹465.0,-33,4,Electronics,phone,
B-26070,582,262,5,Furniture,Furnishings,
B-25903,455,-77,8,Electronics,ACCESSORIES,
B-25636,637,113,5,Clothing,Saree,
B-25833,36,4,9,Clothing,Hankerchief,
B-25620,₹193.0,46,1,Electronics,Printers,
B-25977,₹27.0,1.00%,1,clothing,Stole,
B-25655,44,-26,3,Clothing,Hankerchief,
B-26022,1824,-1303,8,Electronics,Phones,
B-25985,32,8,5,Clothing,Hankerchief,
B-25781,45,-28,2,Clothing,Stole,
B-25955,2927,146,8,Furniture,Bookcases,
B-25873,367,73,3,Electronics,Electronic Games,
B-26011,93,44,2,Clothing,Stole,
B-26097,671,-309,5,Electronics,Electronic Games,
B-25777,59,-46,7,CLOTHING,T-shirt,
B-25657,288,-180,4,Furniture,Chairs,
B-25989,"10,0",5,1,Clothing,Stole,
B-26021,21,-12,3,Clothing,Hankerchief,
B-25750,₹539.0,-146,7,Furniture,Furnishings,
B-26067,67,2,4,Clothng,T-shirt,
B-25978,341,160,7,Clothing,Stole,
,327,114,4,CLOTHING,Trousers,
B-25997,231,99,2,Electronics,Electronic Games,
B-26001,50,9,6,Clothing,Skirt,
B-25718,460,31,3,Furniture,Bookcases,
B-25853,2093,721,5,Furniture,Chairs,
B-25959,₹82.0,-24,6,Clothing,Hankerchief,
B-26051,216,50,4,clothing,Stole,10%
B-25764,"119,0",43,5,Clothing,T-shirt,
B-25993,₹414.0,199,3,Electronics,Phones,
B-25798,47,-3,2,Clothing,Stoles,
B-25903,336,57,2,Electronics,Phones,
B-25684,134,-42,2,Furniture,chair,
B-25871,118,-25,4,Clothing,Hankerchief,
B-25784,15,4,1,Clothing,Hankerchief,
B-25949,140,57,2,Clothing,Trousers,
B-25900,140,68,5,CLOTHING,t-shirt,
B-25750,22,-12,3,Clothing,Stole,
B-26078,44,20,2,Clothing,T-SHIRT,
B-25786,17,-11,3,Clothing,Skirt,
B-25702,306,-147.00%,3,Clothing,Saree,
B-25898,171,2,2,Electronics,Electronic Games,
B-25743,74,-51,3,Clothing,Stole,
B-25730,96,22,5,Clothing,Stole,
B-25623,158,-69,3,Clothing,Stole,
B-25791,"253,0",-63,2,Clothing,Saree,
B-26039,83,34,5,Clothing,Shirt,
B-25703,₹231.0,-190,9,Clothing,Hankerchief,
B-26061,206,12,1,ELECTRONICS,Printers,
B-25648,55,-26,4,Clothing,Saree,
B-25962,312,62,1,Electronics,Electronic Games,
B-25946,146,7,2,Electronics,Phones,
B-25644,76,-92,8,Furniture,Furnishings,5%
B-25754,319,-312,5,Clothing,Saree,
B-25986,71,4,5,Clothing,Leggings,
B-26059,20,6,1,Clothing,T-shirt,
B-25693,0,-316.00%,6,Clothing,Saree,
B-25859,724,253,2,Furniture,Bookcase,
B-25699,₹21.0,-5,1,Electronics,Acces.,
B-25954,44,10,3,Clothing,Stole,
B-25922,₹52.0,18.00%,2,Clothing,stole,
B-25845,₹132.0,54,5,Clothing,STOLE,
B-25925,27,12,1,Clothing,Stole,
B-25733,30.0 INR,-10,2,Clothing,Stole,
B-25697,115.0 INR,-39,3,Clothing,Trousers,
B-26085,86,22,2,Clothing,Saree,
B-25852,₹869.0,67,4,FURNITURE,Tables,
B-25651,172,-103,3,Furniture,Chairs,
B-25709,41,-6,1,Furniture,Chairs,
B-25698,65,-16,2,Electronics,Phones,
B-25996,286,140,6,Clothing,Shirt,
B-25953,44,2,3,Clothing,Hankerchief,
B-25757,17,7,3,Clothng,Hanky,
B-25723,12,-7,2,Clothing,Leggings,
B-25656,"406,0",126,2,Clothing,saree,
B-25886,502,84,4,Electronics,Phones,
B-25858,16,0,1,Clothing,Saree,
B-25810,26,10,4,Clothing,Hankerchief,
B-25670,656,-36,2,Furniture,Bookcases,
B-25999,129,11,2,Electronics,Phones,
B-26009,195,12,9,Clothing,Shirt,
B-25653,427,-50.00%,7,Electronics,Phones,
B-25961,48,16,3,Clothing,Shirt,
B-25943,1547,340,6,Electronics,Accessories,
B-25918,244,122,5,furniture,Furnishings,
B-25999,770,323,3,Electronics,Accessories,
B-25938,"59,0",25,3,Clothing,Stole,
B-25762,27,4.00%,3,Clothng,Skirt,
B-25779,1361,-980,3,Furniture,Tables,
B-25667,11,-2,4,Clothing,Hankerchief,
B-26085,40,17,2,Clothing,stole,
B-25989,42.0 INR,15,1,Electronics,Accessories,
B-25850,"52,0",18.00%,5,Clothing,Leggings,
B-26000,597,93,4,Furniture,Chairs,
B-25798,38,-13,3,CLOTHING,Stole,
B-25603,24,-30,1,Furniture,Chairs,
B-25654,34,12,3,Clothing,Hankerchief,
B-25851,90,29,5,Clothng,T-shirt,
B-25697,4,-3,1,Clothing,Skirt,
B-25700,44,-32,3,CLOTHING,Stole,
B-25804,321,26,3,Electronics,Printers,
B-25698,7,-2,1,Clothing,Hankerchief,
B-25773,85,-9,4,Clothng,Saree,
B-25844,86,8.00%,2,Clothing,SAREE,None
B-25954,891,0,5,Clothing,Saree,
B-26045,₹27.0,5,1,Clothing,stole,
B-25770,375,180,3,Furniture,Bookcases,
B-25651,23,4,1,Clothing,Sarees,
B-25797,₹89.0,-4,5,Clothing,Saree,
B-25710,25,0,4,Clothing,Skirt,
B-25708,"709,0",-100,5,Electronics,Phones,
B-26093,33,-1,1,Clothing,Saree,
B-25941,177,41,4,Clothing,Shirt,
B-25793,63,-24,6,Clothing,KURTI,
B-25652,21,-13,3,Clothing,Leggings,
B-25970,203,84.00%,2,Electronics,Printers,
B-25805,112,15,2,Furniture,Chairs,
B-25983,50,-4,6,Clothing,T-shirt,
B-25752,8,-2,2,Clothing,Hankerchief,
B-25828,₹15.0,2,1,Clothing,Leggings,
B-26074,57.0 INR,21,4,Clothing,Leggings,
B-25810,"1120,0",199,6,Clothing,Saree,
B-25847,264,71,10,Furniture,Furnishings,
B-25655,97,-62,2,Clothing,Trousers,
B-25951,50,14.00%,1,Electronics,Electronic Games,
B-26043,30,12,3,Clothing,Skrts,
B-25968,811,154,7,Electronics,Accessories,
B-25722,₹48.0,-8,8,Clothing,Stole,
B-26052,₹25.0,7,2,Clothing,Stole,
B-26045,302,75,6,Furnituer,furnishings,
B-26054,559,174,2,Electornics,Electronic Games,
B-25793,60,-12,4,Clothing,Hankerchief,
B-25799,70,-64,5,Clothing,Stoles,
B-25973,₹571.0,108,12,Clothing,Stole,
B-25664,258.0 INR,-27,2,Electronics,Phones,
B-26018,326,107,3,Furniture,Furnishings,
B-25930,₹40.0,13,3,Clothing,T-shirt,
B-25753,62,-56,5,Clothing,Kurti,
B-25748,47,-21,2,Electronics,Electronic Games,
B-25821,60,21,4,Clothing,Stole,
B-26083,143,6,2,Electronics,Accessories,
B-25643,₹50.0,-44,2,CLOTHING,Hankerchief,
B-25798,2830,-1981,13,Furniture,Bookcases,
B-26005,87,10,3,Clothing,Stole,
B-25655,7.0 INR,-4,3,Clothing,hankerchief,
B-25750,19,-1,1,Clothing,Shirt,
B-26053,594,89,3,Furniture,Bookcase,
B-25757,14,-5,1,Clothing,HANKERCHIEF,
B-25803,757,371,2,Electronics,Printers,
B-26056,70,24,3,Clothing,Stole,
B-25919,28,4,1,Clothing,T-shirt,
B-25754,72,-46,7,Clothing,Kurti,
B-25657,332,-43,6,Electronics,Phones,
B-25740,40.0 INR,-37,3,Clothing,Stole,
B-26043,185,48,4,Clothing,Stole,
B-25956,33.0 INR,10,3,Clothing,Hankerchief,
B-26018,61,8.00%,4,Clothing,Hankerchief,
B-26097,185,-26.00%,6,Furniture,Chairs,
B-25813,911,202,7,Furniture,Chairs,
B-26031,67.0 INR,9.00%,4,Clothing,Leggings,
B-25951,89.0 INR,29,2,Clothing,Stole,
B-25864,100.0 INR,6,4,Clothing,Stole,
B-26052,145,0,3,Clothing,Saree,
B-25826,637,261,2,Electronics,PRINTERS,
B-25699,49,-31.00%,2,Clothing,Stole,
B-25786,1854,433,5,Furniture,Bookcases,
B-26015,128,55,1,Clothing,Saree,
B-25638,₹816.0,-96,3,ELECTRONICS,printer,
B-25938,61,1,2,Furniture,Furnishings,
B-25914,460,143,3,Furnituer,Chairs,
B-25803,269,91,1,Electronics,Elec. Games,
B-25828,128,-3,3,Clothing,Saree,
B-26064,75,2,5,Clothing,Leggings,
B-26080,109.0 INR,35,6,Clothing,T-shirt,
B-26050,38,9,2,Clothing,stole,
B-25698,516,-392,8,Furniture,Chairs ,
B-26077,₹62.0,11,7,clothing,Hankerchief,
B-26087,311,40,1,Electronics,Electronic Games,
B-25720,30,-35,1,Furniture,Chairs ,
B-25833,45,16,3,Clothing,Stole,
B-26075,34,12,2,Cloth.,STOLE,
B-25964,₹346.0,108,3,Furniture,Chairs,
B-25881,2244,247,4,Cloth.,Pants,
B-26053,425,208,7,Clothing,Saree,
B-25755,321,-315,5,Clothing,saree,
B-25732,16,-5,2,clothing,Stole,10%
B-25710,13,-8,1,Clothing,T-shirt,
B-25855,197,73,1,Furn.,Bookcase,
B-26051,1337,147,7,Electronics,Printers,
B-25949,24,11,3,Clothing,Hanky,
B-26064,122,-38,6,Clothing,T-shirt,
B-25793,1402,109,11,Clothing,Saree,
B-25710,₹216.0,-38,6,FURNITURE,Furnishings,
B-25704,102,0,3,Electronics,Phones,
B-26010,85,13,2,Clothing,Shirt,
B-26057,₹736.0,346,5,Electronics,Printes,
B-25603,180,5,3,Clothing,Trousers,
B-25656,624,-37,2,Electronics,Electronic Games,
B-25690,31.0 INR,10,3,Clothing,Skirt,
B-25878,140,15.00%,5,Clothing,Stole,
B-25893,"149,0",15,3,Clothing,Saree,
B-25868,170,73,2,Electronics,Accessories,
B-25653,1279,-640,8,Electronics,Printers,
B-25786,623,-192,3,Furniture,Tables,
B-25804,156,36,5,Clothing,Tee,
B-25887,83,6,6,Clothing,Shirt,
B-25891,25,2,2,Clothing,Hankerchief,
B-25789,313,-13,5,Furniture,Bookcases,
B-25653,28,-3,2,Clothing,Saree,
B-26050,166,27,2,Electronics,Accessories,
B-25896,23,4,2,Clothing,Skirt,
B-25677,₹20.0,-2.00%,1,Electronics,ACCESSORIES,
B-26065,146,19,5,Clothing,Stole,
B-25748,8,-1,2,CLOTHING,Leggings,
B-25708,32.0 INR,-8,2,Clothing,Stole,15%
B-25700,7.0 INR,-3,2,Clothing,Hankerchief,
B-25898,857,274,2,Furniture,Tables,
B-25853,₹95.0,11,4,Furniture,Furnishings,
B-26002,80,22.00%,3,Clothing,Stole,
B-26098,46,14,5,Clothing,Skirt,
B-26008,206,51,4,Clothing,Hankerchief,
B-26003,652,13,6,Furniture,FURNISHINGS,
B-25795,276,-21,2,Electornics,Phones,
B-25767,48,-22,2,Clothing,Saree,
B-26043,122,50,7,CLOTHING,Stoles,
B-25601,80,-56,4,Electronics,Electronic Games,
B-25904,"83,0",-12,2,Furniture,Chairs,
B-25756,729,-492,5,Furniture,Bookcases,
B-25707,8,-6,1,Clothing,Stole,
B-25602,424,-272,5,Electronics,Phones,
B-26076,19,-4,2,Clothing,Saree,
B-25785,26,-25,3,Clothng,Saree,
B-25855,829,19,4,Electronics,Printers,
B-25615,68.0 INR,20,5,Clothing,Hankerchief,
B-25783,26,2,2,Clothing,Hankerchief,
B-25683,86,-55,6,Clothing,Saree,
B-25652,₹34.0,-6,4,Clothing,Leggings,
B-25802,23,-3,1,Clothing,SHIRT,
B-25873,66,12.00%,3,Clothing,Stole,
B-25999,51,-49,2,Electronics,Electronic Games,
B-25959,252,56,2,Electronics,Phones,
B-26056,31,9,2,Clothing,Hankerchief,
B-25797,976,293,4,Electronics,Accessories,
B-26097,₹97.0,12,2,Clothing,Hankerchief,
B-25870,₹57.0,7,3,Furniture,Furnishings,
B-26064,"61,0",3,4,Clothing,Hankerchief,
B-25733,₹43.0,-43,7,Clothing,Stole,
B-25703,97,-45,4,Clothing,Saree,
B-25753,341.0 INR,-85,6,Cloth.,Trousers,
B-25705,46,0,2,Electronics,Elec. Games,
B-25872,57,27,2,Clothing,Shirt,
B-25867,"31,0",14,3,Clothing,Stole,
B-25982,13,3,1,Clothing,Leggings,
B-25751,₹106.0,0,2,Electronics,Phones,
B-25787,40,-12,3,Clothing,Shirt,
B-25799,47,-27,4,Clothing,Saree,
B-25901,"90,0",27,2,Clothing,T-shirt,
B-25930,202,89,9,Clothing,T-shirt,
B-25954,189,60,4,Furniture,Furnishings,
B-26008,22.0 INR,4,1,Clothing,Stole,
B-25821,17.0 INR,0,1,Clothing,Hankerchief,10%
B-25678,327,-39,1,Electronics,Phones,
B-25850,₹485.0,-199,4,Clothing,Saree,
B-25873,₹42.0,12,2,Clothing,Kurti,
B-25939,0,18,2,Electronics,Accessories,
B-25842,1543,370,8,Electronics,Printers,
B-25628,35,-8,2,Furniture,Furnishings,
B-25741,482,-6,7,Electronics,Electronic Games,
B-25796,559,-19,2,Clothing,Trousers,
B-25943,149,15,3,Clothing,Saree,
B-25672,27,-15,1,clothing,Stole,
B-25992,141,41,3,Clothing,Shirt,
B-25861,56,18,2,Clothing,Hankerchief,
B-25781,₹584.0,-444,7,Electronics,Printers,
B-25851,300,42,2,Electronics,Printers,
B-25889,119.0 INR,43,7,Clothing,Kurti,
B-25638,"182,0",-11,3,Furniture,Bookcases,
B-26055,227,48,5,Clothing,Stole,
B-25694,₹167.0,43,7,Clothing,T-shirt,
B-25909,168.0 INR,56,3,Clothing,Saree,
B-26052,78,28,6,Clothng,Kurti,
B-26055,5729,64,14,Furniture,Chairs,
B-25810,45,-6,3,Cloth.,shirts,
B-25952,"44,0",14,3,clothing,Hankerchief,
B-26069,55,18,2,Clothing,Kurti,
B-25945,765,-36,3,Electronics,Electronic Games,
B-25695,171.0 INR,14,9,Clothing,Shirt,
B-25951,₹120.0,23,5,Clothing,Stoles,
B-25727,57,-48,6,Clothing,Leggings,
B-25808,63,17,6,Clothing,Leggings,
B-25601,8,-2,3,Clothing,Hanky,
B-25602,2617,1151,4,Electronics,Phones,
B-25703,32,-5,5,Clothing,Hankerchief,
B-25830,41,11,6,clothing,Hankerchief,
B-25919,1599,37,6,Electronics,Electronic Games,
B-26097,39,18,2,Clothing,Legging,
B-25673,16,-1,1,Clothing,Sarees,
B-25956,59,10,2,Clothing,Hankerchief,
B-25609,25,-5,4,clothing,Saree,
B-26067,618,27,4,Furniture,Bookcases,
B-25895,388,-93,2,Furniture,Bookcases,
B-25835,155,26,3,Clothing,Stole,
B-25814,462,169,4,Clothing,Saree,
B-25855,90,17,3,Clothing,Hankerchief,
B-25986,918,22,9,Electronics,ELECTRONIC GAMES,
B-25808,₹59.0,21,2,Clothing,stole,
B-26095,6,1,1,Clothing,Kurtis,
B-25688,₹352.0,-345,5,Clothing,Saree,
B-25608,856,385,6,Electronics,Printers,None
B-25713,₹158.0,-63.00%,4,Furniture,Chairs,
B-25794,176.0 INR,37,6,ELECTRONICS,Accessories,
B-25619,353,90,8,Clothing,Saree,
B-25647,42,-6,4,Clothing,Saree,
B-25721,29,-18,7,Clothing,Skirt,
B-25623,149,-87,4,Clothing,Saree,
B-26085,"1487,0",624,3,Clothing,Trousers,
B-25673,44,-17,5,Clothing,Saree,
B-25650,₹269.0,111,3,Clothing,Trousers,
B-26081,359,-338,5,Furniture,Bookcases,
B-25853,19.0 INR,6,2,Clothing,Saree,
B-25630,₹34.0,-22,4,CLOTHING,T-shirt,
B-25861,62,6,5,Clothing,Hankerchief,
B-25955,1716,309,7,Electronics,Accessories,
B-25618,362,-127,1,Furniture,Bookcases,
B-26030,11,-5,1,Clothing,Skirt,
B-25777,117,17,6,Clothing,Kurti,
B-25910,850,289,5,Electronics,electronic games,
B-25864,27,9,2,Clothing,Hankerchief,
B-26056,₹391.0,-90,6,Electronics,Phones,
B-25876,282.0 INR,-14,4,Clothing,Trousers,
B-25781,767.0 INR,-353,5,Clothing,Trousers,
B-25983,561,118,5,Furniture,Bookcases,
B-25801,15,-2,1,Clothing,T-shirt,
B-25756,643,-45,2,Electronics,printer,
B-26014,406,97,7,Furniture,Chairs,
B-26036,341,44,7,Furniture,Furnishings,
B-25860,"112,0",24,3,Clothing,Kurti,
B-26083,45,17.00%,1,Electronics,Accessories,
B-25625,635,-349,5,Clothing,Saree,
B-25899,22,9,2,Clothing,LEGGINGS,
B-25640,122,-47,4,Clothing,Saree,
B-25828,222,-35,5,Clothing,Saree,
B-25849,336,-123,3,Electronics,phone,
B-25664,785,52,2,Electronics,Phones,
B-25697,₹114.0,8.00%,3,Electronics,Accessories,
B-25843,50,7,6,Clothing,Skirt,
B-25725,26,-5,2,Cloth.,Stole,
B-25776,47,-20,2,Clothing,Kurtis,
B-25875,248,8,2,Clothing,Saree,
,,,,,,
B-25660,245.0 INR,-78.00%,3,Clothing,Saree,
B-25952,₹87.0,32,9,Clothing,Skirt,
B-25648,130,-41,4,Clothing,Saree,
B-25616,22,-2.00%,3,Clothing,Hanky,
B-25908,179,25,5,Clothng,Kurti,
B-25668,"123,0",17,3,Furniture,Furnishings,
B-25991,13,5,2,Clothng,Handkerchief,
B-25622,534.0 INR,0,3,Clothing,Saree,
B-25785,45,0,2,Clothing,T-shirt,
B-25944,₹169.0,38,3,Clothing,Saree,None
B-26066,86,22,2,Clothing,Saree,
B-26035,₹291.0,119,11,Clothing,Saree,
B-25855,61,30,2,Clothing,Hankerchief,
B-25661,19,-15,3,Clothing,Hankerchief,
B-25652,9,-6,2,Clothing,Hankerchief,
B-25934,105,33,6,Clothing,Saree,
B-25635,₹40.0,16,3,Clothing,Hankerchief,
B-26004,147,44,3,Clothng,Saree,
B-25646,20,-8,2,Clothing,Saree,
B-25783,21,-17,3,Clothing,Shirt,
B-25853,128,4,3,Clothing,Saree,
B-25758,₹8.0,-2,1,Clothing,Stole,
B-25656,30,-5,5,Clothing,Stole,
B-25686,₹381.0,-13,2,Clothing,Sarees,
B-25702,941,-203,3,Furniture,Tables,
B-25753,77,-43,8,Clothing,Stole,
B-25854,₹40.0,16,3,Clothng,Hankerchief,
B-25711,100,-58,4,Clothing,Hankerchief,
B-25643,37,-23,4,Clothing,Shirt,
B-25856,"10,0",-2,2,Clothing,Skirt,
B-25852,105,33,5,Clothing,Kurti,
B-25884,24,2,4,Clothing,Hankerchief,
B-25921,84,-42,2,Electronics,Accessories,None
B-25645,"86,0",0,4,Clothing,T-shirt,
B-25752,91,15.00%,6,Cloth.,TShirt,
B-25631,89,-89,2,Furniture,FURNISHINGS,
B-26053,162,55,3,Clothing,Stole,
B-26035,520,151,3,Electronics,Phones,
B-26056,47.0 INR,20,7,Clothing,Hankerchief,
B-25701,98,-45,2,Furniture,Chairs,
B-26030,92,5,6,Clothing,Hankerchief,
,527,26,3,Electronics,Electronic Games,
B-25852,45,12,4,Clothing,Hankerchief,
B-25738,148,-91,2,Electronics,Phones,
B-25681,1625,-77,3,Electronics,PHONES,
B-26021,49,21,1,Clothing,Stole,5%
B-25693,32,-16,6,Clothing,saree,
B-25702,424,-17,9,Furniture,Chairs,
B-25650,925.0 INR,-447,5,Electronics,Electronic Games,
B-26003,₹17.0,2,2,Clothing,Skirt,
B-25830,1954,782,3,electronics,Phones,
B-25686,332,-503,3,Electronics,Printers,
B-25966,510,-234,6,Elect.,Electronic Games,
B-25961,34,-12,5,Cloth.,Leggings,
B-25630,40,-7,3,Clothing,Stole,
B-25642,434,26,11,Clothing,Shirt,
B-26049,100,28,2,Clothing,Hankerchief,
B-25610,30,-5,2,FURNITURE,Furnishing,
B-25969,171.0 INR,17,6,Clothing,T-shirt,
B-25754,₹41.0,-14.00%,5,Clothing,Leggings,
B-25753,620,82,6,Electronics,Accessories,
B-25857,227,59,2,Furniture,Furnishings,
B-25850,24,1,4,Clothing,Hankerchief,
B-25903,19.0 INR,8.00%,2,Clothing,Hankerchief,
B-25986,749,307.00%,7,Furniture,Furnishings,
B-25902,154,26,4,Electronics,Accessories,
B-25958,360,32,3,CLOTHING,Saree,
B-25633,711,-8,4,Clothing,Saree,
B-25637,117,14.00%,3,Clothing,Shirt,
B-25883,16,-15,4,Clothing,Hankerchief,
B-25635,382,30,3,Clothing,Saree,
B-25755,80,-19,5,Clothing,Stole,
B-25909,323,122,5,Electronics,Phones,
B-25833,64.0 INR,27,5,Clothing,HANKERCHIEF,
B-26050,284,44,6,Clothing,Hanky,
B-25971,244,83,2,Furniture,Book Cases,
B-25752,735,-235,6,Electronics,Printers,
B-25857,598,166.00%,4,Furniture,Bookcase,
B-25818,32,11.00%,2,Clothing,Leggings,
B-25879,57,28,2,Clothing,Kurti,
B-26016,₹74.0,9,3,Cloth.,Shirt,
B-26000,676,151,3,Electronics,Printers,
B-25745,132,-79,5,Furniture,Furnishings,
B-26048,"1461,0",202,5,Furniture,Tables,
B-25917,100,12,2,Clothing,T-shirt,
B-25943,137,-38,5,Clothing,Hankerchief,
B-25645,₹183.0,-66,5,Elect.,Phones,
B-25803,106,12,3,Clothing,Trousers,
B-25883,146,42,5,Clothing,Hankerchief,
B-25838,₹161.0,40,3,Clothing,Stole,
B-25955,200,13,5,Electronics,phone,
B-25915,277,3,1,Electronics,E-Games,
B-25626,1103,-276,3,Furniture,Chairs,
B-25697,1300,-16,8,Elect.,Printers,
B-25858,245,30,2,Clothing,Saree,
B-26002,₹113.0,28,2,Clothing,Sarees,
B-25683,"433,0",26.00%,3,Electornics,Printers,
B-25676,79,36,4,Clothing,Shirt,
B-25653,668,-31,3,Electronics,Printers,
B-26068,193.0 INR,-33,5,Electronics,Accessories,
B-25730,83,-81,3,Furniture,Chairs,
B-26010,55,-3,3,Clothing,T-shirt,
B-25650,238,20,2,Clothing,Saree,
B-25981,54,12,3,Clothing,Saree,
B-25686,1829,-56,6,Furniture,Tables,5%
B-26086,25,2,2,Clothing,Hankerchief,5%
B-26003,79,16,3,Clothing,Tee,
B-25900,210,62,2,Electronics,Phones,
B-25603,1355,-60,5,Clothing,Trousers,
B-25754,30,-23,2,Clothing,Saree,
B-26078,17,8,2,Clothing,Skirt,15%
B-25848,147,21,3,Furniture,Furnishings,
B-25687,"14,0",-1,4,Clothing,Kurti,
B-25799,205,-119,3,Clothing,Saree,
B-25739,133,-56,2,Furn.,Chairs,
B-25929,1308,536,3,Furniture,Bookcases,
B-26002,276,52,5,Clothing,Saree,
B-25789,30,0,1,Clothing,Kurti,
B-26041,176,-28,5,Furniture,Furnishings,
B-25885,734,-248,2,furniture,Chairs,
B-25755,593,213,4,FURNITURE,Bookcases,
B-25851,57,27,2,Clothing,T-shirt,
B-26061,109,52,2,Clothing,Stole,
B-25653,₹115.0,-25,1,Electronics,Accessories,
B-25767,74,-59,2,Electronics,ACCESSORIES,
B-25969,720,43,2,Electronics,Printers,
B-25853,30,14,3,Cloth.,Hankerchief,
B-26084,209.0 INR,-63,4,Electronics,Electronic Games,
B-25852,"320,0",144,1,Electronics,PRINTERS,
B-25783,30,-6,2,Clothing,Hankerchief,
B-25657,32,-22,5,Clothing,Saree,
B-26087,46,13,3,Clothing,Hankerchief,
B-25843,"255,0",74,5,Clothing,Hanky,
B-25920,100,7,2,Clothing,T-shirt,
B-25954,524.0 INR,-25,2,Electornics,Elec. Games,
B-25897,33,-10,3,Clothing,HANKERCHIEF,
B-25902,802,120,7,Electronics,Accessories,
B-26100,34,10.00%,2,Clothing,T-shirt,
B-25602,561,212,3,Clothing,Saree,
B-25893,372,59,3,Electronics,printer,
B-25829,345,38,7,Clothing,Hankerchief,
B-25993,44,8,2,Clothing,Stole,
B-25724,"168,0",-51,2,Furniture,Bookcases,
B-25861,128,-4,3,Clothing,Saree,
B-25852,50,16,1,Clothing,Stole,
B-25710,616,-69,7,Furniture,FURNISHINGS,
B-26054,139,36,3,Clothing,Stole,
B-26048,401,13,6,Furniture,Chairs,
B-25999,"352,0",74.00%,8,Clothing,STOLE,
B-25689,97,17,2,Clothing,Stole,
B-26070,54,12,4,Clothing,Shirt,
B-25730,187,30,4,Electronics,Acces.,
B-25970,111,9,4,Clothing,STOLE,
B-25910,33,1,2,Clothing,Shirts,
B-25653,1327,318,8,Furniture,Chairs,
B-25778,1506,-266,6,Electronics,Printers,5%
B-26021,122,59,7,Furniture,Furnishings,
B-25959,681,259,4,Furniture,Chairs,15%
B-25981,42.0 INR,13,3,Clothing,Legging,
B-26079,18,3,2,Clothing,Hankerchief,
B-25753,₹65.0,-52,3,Electronics,Accessories,
B-25781,60,-49,8,Clothing,Hankerchief,
B-26002,71,-19,3,Clothing,t-shirt,
B-25678,7,-3,2,Clothing,Skirt,
B-25953,₹81.0,41,3,Clothing,stole,
B-25678,27,-25,2,Clothing,Shirt,
B-26038,41,19,2,Clothing,t-shirt,
B-26045,179,77,1,Clothing,Saree,
B-25673,143,-124,5,Clothing,SAREE,
B-25898,33,13,3,Clothing,Leggings,
,389,-83,3,Furniture,Chairs,
B-25654,229,-23,2,Clothing,Saree,
B-25873,7,1,1,Clothing,Hankerchief,
B-25961,₹34.0,10,-3,Clothing,skirts,
B-25993,610,208,3,Elect.,Printers,
B-25830,93,15,2,Electronics,Accessories,
B-25990,₹71.0,32,3,CLOTHING,Saree,
B-25787,140,-58,4,furniture,Furnishings,
B-25903,74,33,2,Clothing,Shirt,
B-25652,174,-70,3,Electronics,Accessories,
B-25973,398,111,8,Clothing,Hankerchief,
B-25878,165,46,3,Furniture,Furnishings,
B-25748,₹224.0,58,3,Electronics,Phones,
B-25730,₹1145.0,-706,3,Electronics,Phones,
B-25770,299.0 INR,113,2,Furniture,Bookcases,
B-26013,29,10,3,Clothing,Skirt,
B-25768,₹1582.0,-443,6,Clothing,Trousers,
B-26053,17,1,2,Clothng,Skirt,
B-25719,29,10,2,Clothing,Stole,
B-25738,72,-6,3,Clothing,Saree,
B-25601,₹1275.0,-1148,7,Furniture,Bookcases,5%
B-25725,₹144.0,-7,4,Electronics,Electronic Games,
B-25899,28,6,4,Clothing,Skirt,
B-25878,719,-303,6,Furnituer,Chairs,
B-26076,60,13,2,Clothing,T-shirt,
B-25757,211,19,8,Clothing,Stole,15%
B-26038,130,61,3,Clothing,Shirt,
B-25624,26,12,3,Cloth.,Hankerchief,
B-25814,118.0 INR,35,7,Clothing,T-shirt,
B-26050,₹325.0,32,7,Clothing,T-shirt,
B-25955,39,2,2,Clothing,Saree,
B-25996,31,2,2,Clothing,Hankerchief,15%
B-25656,101,18,9,Clothing,Skirt,
B-25754,93,-65,4,Cloth.,Stole,None
B-25651,16,-10,2,Clothing,T-shirt,None
B-25939,136.0 INR,41,3,Electronics,accessories,
B-25780,137,-41,3,Electronics,Phones,
B-25889,31,10,1,Clothing,Kurti,
B-25850,93,-1,2,Clothing,Hankerchief,
B-25640,68,-62,2,Clothing,Trousers,
B-26088,₹11.0,5.00%,2,Clothing,Hankerchief,
B-25659,148,72,7,Clothing,T-shirt,
B-25896,42,7,2,Clothing,kurti,None
B-26091,"29,0",10,4,Clothing,Handkerchief,
B-25861,44,14,3,Clothing,Hankerchief,
B-25750,208,-25,2,Clothing,Saree,
B-25687,17,6,1,Clothing,Stoles,
B-25630,114,-39,5,Clothing,kurti,
B-25868,62,-1,1,Electronics,Phones,
B-25652,24,-21,7,Clothing,Skirt,
B-25701,10,-8,2,Clothing,Skirt,10%
B-25951,248,105,2,Electronics,Phones,
B-25709,33,-12,7,Clothing,Saree,
B-26093,49,5.00%,4,Clothing,Hankerchief,
B-25975,29.0 INR,2,3,Cloth.,SKIRT,
B-25767,299,-28,3,Electronics,Electronic Games,
B-25951,111,11,9,Clothing,HANKERCHIEF,
B-25881,₹26.0,9,2,Clothing,Leggings,
B-25728,1055.0 INR,264.00%,4,Electronics,Printers,
B-25764,26,0,2,Clothing,kurti,
B-26067,₹53.0,2.00%,4,Cloth.,Hankerchief,None
B-25714,340.0 INR,20,7,Clothing,Shirt,
B-25751,10,-8,1,Clothing,Kurti,
B-25656,534,0,3,Clothing,Saree,
B-25610,1076,-38.00%,4,Electronics,Printers,
B-25773,224,-143,3,Furniture,Chairs,
B-25664,444,-200,4,Electronics,Phones,
B-26096,"264,0",-26,3,Clothing,Trousers,
B-26067,1137,-14,7,Electronics,Printers,
B-25919,636,-204,2,Electronics,Printers,
B-26056,33,9,2,Clothng,Hankerchief,
B-25656,56.0 INR,18,2,Clothing,Hankerchief,
B-25656,6,3,1,Clothing,Hankerchief,
B-25822,34,13,2,Clothing,Saree,
B-25656,1389,680,7,Clothing,Saree,
B-25775,50,-17.00%,2,Clothing,Stole,
B-26010,29,3,2,Clothing,Stole,
B-25998,50,-28,5,Furniture,Furnishings,
B-25903,₹37.0,17,3,Clothing,Handkerchief,
B-25762,98,-5,2,Clothing,Saree,
B-25923,226,58,3,Electronics,Accessories,
B-25630,42,-26,2,Clothing,Kurti,
B-26025,"155,0",5,3,Clothing,Stole,
B-25798,379,63,2,Clothing,Saree,
B-25854,88,16,4,Clothing,Stole,5%
B-25824,101,-38,2,furniture,Furnishing,
B-25883,10,-2,2,Clothing,Leggings,
B-25681,243.0 INR,-14,2,Furniture,Chairs,
B-25852,24,1,2,Clothing,Hankerchief,
B-25673,45,-2,4,Clothing,Shirt,
B-25655,6,-3,1,Clothing,Hankerchief,
B-25652,25,-2,5,Clothing,Hankerchief,
B-26054,246,98,5,Clothing,Hankerchief,
B-25676,32,6,3,clothing,Shirt,
B-26010,₹176.0,-13.00%,5,Furniture,Furnishings,
B-25911,40,15,1,Clothing,Kurti,
B-25661,58,-42,2,Furniture,Chairs,
B-25616,116,-56,5,Clothing,Stole,
B-25840,262,64,6,Clothing,Saree,
B-25648,30,-13,1,Clothing,T-shirt,
B-25614,98,-12,2,Electronics,Electronic Games,
B-25793,₹257.0,-252,4,clothing,Saree,
B-25999,93,-65,4,CLOTHING,Stole,
B-26030,₹89.0,36,3,Clothing,Shirt,
B-26085,132,-10,3,Clothng,Saree,
B-25761,2188,1050,5,Furniture,Bookcases,
B-25756,29.0 INR,-24,4,Clothing,Leggings,
B-25898,915,-99,3,Furniture,Tables,
B-25919,977,244,7,Electronics,Phones,
B-25608,₹257.0,23,5,Clothing,Hankerchief,
B-26062,13.0 INR,-2,1,Clothing,Stole,
B-26000,43,-9,4,Clothing,Skirt,
B-25630,"133,0",12,5,Clothing,Stole,
B-25897,734.0 INR,213,6,Electronics,Electronic Games,
B-26030,221,35,4,Electronics,Accessories,
B-25728,322,-113,4,Clothing,Saree,
B-25769,355,-4,2,clothing,Saree,
B-25886,"63,0",1,4,Clothing,T-shirt,15%
B-26051,184,85,6,Clothing,T-shirt,
B-25736,31,-7,5,Clothing,skirts,
B-25852,97,17,2,Clothing,STOLE,
B-25850,513,215,2,Electronics,Accessories,
B-26053,93,-31,3,Electronics,Accessories,
B-25754,262,-215,2,Electronics,Printers,
B-25692,₹141.0,28,7,Furniture,Furnishings,
B-25632,19,-2,2,Clothing,Leggings,15%
B-25903,204,94,4,Clothing,Hankerchief,
B-25681,₹523.0,204,7,Clothing,Trousers,
B-25753,154,22,7,Clothing,t-shirt,
B-25743,143,-124,5,Clothng,Saree,
B-25803,536.0 INR,91,1,Clothing,Trousers,
B-25657,₹1021.0,-48,4,Electronics,Electronic Games,
B-25604,157,-5,9,Clothing,Saree,
B-26050,79,32.00%,3,Clothing,Saree,
B-25999,109.0 INR,40,1,Furniture,Furnishings,
B-25717,561,212,3,Clothing,Saree,
B-25953,67,20,4,Clothing,T-shirt,
B-25799,"45,0",-15,2,Furniture,CHAIRS,
B-25626,46,-14,1,Electronics,Mobile Phones,
B-25894,₹1246.0,62,3,Furniture,Bookcases,
B-25979,560,-44,3,Clothing,Saree,15%
B-26073,37,17,3,Clothing,Hankerchief,
B-25696,44,7,3,Clothing,Kurti,
B-25613,1603,0,9,Clothing,SAREE,
B-25827,156,21,3,Furniture,Chairs,
B-26055,94,27,2,Clothing,T-shirt,
B-25964,199,0,4,Clothing,Stole,
B-25933,412,-412,6,Clothing,saree,
B-25853,39,-16,6,Clothing,Skirt,
B-25662,385,-77,11,Furniture,Furnishings,
B-25905,152,50,6,Clothing,Stole,
B-25755,₹257.0,-3,2,Furniture,Bookcases,
B-25832,504,-116,3,Furniture,Bookcases,15%
B-25855,₹1027.0,441,8,Clothing,Saree,
B-26055,213,4.00%,14,Clothing,Shirt,
B-25851,₹62.0,1.00%,3,CLOTHING,Saree,
B-25750,212,-24,2,Furniture,chair,
B-25878,84,41,3,Clothing,Tee,15%
B-25803,₹765.0,8.00%,6,Clothing,Saree,
B-25650,31,-2,2,Clothing,Saree,
B-25750,78,-6,2,Furniture,Furnishings,
B-26081,79,33,4,Clothing,Stole,
B-25930,"351,0",-94,5,Elect.,Electronic Games,
B-25802,27,-7,5,Clothing,Saree,
B-26083,₹34.0,-3,3,CLOTHING,Saree,
B-25639,1629,-153,3,Electronics,Phones,
B-25886,₹89.0,17,2,Clothing,Stole,
B-25986,487,-23,3,ELECTRONICS,Printers,15%
B-26083,145,16,3,Clothing,T-shirt,
B-25854,53,-2,3,CLOTHING,Saree,
B-25766,220,-19,2,Clothing,Saree,
B-25603,193,-166,3,Clothing,Saree,
B-25743,9,-5,1,clothing,Saree,
B-25697,67,-42,3,Clothing,Stole,
B-25840,246,61,2,Furn.,bookcases,
B-26012,21.0 INR,8,2,Clothing,Saree,
B-26070,14,7,2,Clothing,Hankerchief,
B-25839,1250.0 INR,486,7,Clothing,SAREE,
B-25886,107,37,3,Clothing,Shirt,
B-25655,110,-68,4,Clothing,Saree,
B-25899,43,17,1,Clothing,Saree,
B-26054,156,23,3,Clothing,Stole,
B-25689,469,-459,3,Electronics,Electronic Games,
B-25712,193,-275,3,Electronics,Phones,
B-26081,169,0,3,Elect.,Accessories,
B-25953,188,-193,2,Electronics,E-Games,
B-25773,209,-21,2,Electronics,Electronic Games,
B-25950,261,13,6,Clothing,Shirts,
B-25856,₹48.0,6,1,Clothing,Saree,
B-26051,676,195,5,Furniture,Bookcases,
B-25855,1319,567,5,Electronics,Printers,
B-25970,742,-198,2,furniture,Bookcases,
B-25777,69,-67,4,Clothing,Kurti,
B-25608,1364,-1864,5,Furniture,Tables,
B-25723,76,-54,3,Electronics,E-Games,
B-26033,143,32,1,FURNITURE,Bookcases,
B-25716,"58,0",0,4,Clothing,Saree,
B-25752,1361,197,9,Furniture,Bookcases,
B-25757,53,15,2,Clothing,stole,
B-25674,17,-12,5,Clothing,SKIRT,
B-25903,25,11,3,Clothing,Leggings,
B-26003,315.0 INR,-8,3,Furniture,Chairs,
B-25949,151,9,3,Clothing,Hankerchief,
B-26092,₹97.0,14,2,Clothing,T-shirt,
B-25641,22,-6,1,Furniture,Furnishings,
B-25948,₹152.0,-23,3,Furniture,Furnishings,
B-25957,16,2,1,Clothing,Saree,
B-25963,53.0 INR,8.00%,3,Furniture,Furnishings,
B-25843,₹214.0,30,3,Electornics,ACCESSORIES,
B-25943,26,7,4,Clothing,HANKERCHIEF,
B-25654,"450,0",-90,3,Electronics,Printers,
B-26046,32,-3,8,Clothing,Hankerchief,
B-26045,376,0.00%,7,Clothing,Stole,
B-25862,2061,701,5,Furniture,Bookcases,
B-25796,148,0,3,Clothing,Saree,
B-25845,757,371,2,Electronics,Printers,
B-26055,₹43.0,11,1,clothing,Sarees,
B-25761,102,-90,1,Clothing,Saree,
B-25789,67.0 INR,-86,9,Furniture,Furnishings,
B-25867,163,-26,4,Clothing,Shirt,
B-25773,₹248.0,-70,3,Furniture,Chairs,
B-25810,29,8,5,Clothing,Hankerchief,
B-26067,1120,199,6,Clothng,Saree,
B-26053,"85,0",2,6,Clothing,Stole,
B-25862,121,41,4,CLOTHING,Stole,
B-25650,512,-225,5,Clothing,Saree,
B-25853,26,11,2,Clothing,Hankerchief,
B-25959,23,8,2,Clothing,hankerchief,
B-25880,108,37,2,Clothing,Stole,
B-25650,"351,0",-47,8,Electronics,Phones,
B-25823,₹103.0,50,2,Furniture,Furnishings,
B-25812,259,47,5,Clothing,Hankerchief,
B-25730,473,-42,4,Furniture,Chairs,
B-25693,68,-30,1,Electronics,Phones,
B-25823,59,6,1,Electronics,Accessories,
B-25912,"102,0",11,6,Clothing,T-shirt,
B-25877,24,8,2,Clothing,Skirt,
B-25893,61,11,3,Clothing,Kurti,
B-25618,12,0,2,Clothing,HANKERCHIEF,
B-26043,₹62.0,-28,5,Clothing,Hankerchief,
B-25940,13,3,2,Clothing,Hankerchief,
B-25896,190,68,8,Clothing,T-shirt,
B-25858,29,11,4,Clothing,Skirt,
B-25661,145,-104,5,Furniture,Chairs,
B-25602,168,-111,2,Electronics,Phones,
B-25945,"63,0",14,2,Clothing,Shirt,
B-26048,163,81,2,Electronics,Accessories,
B-25691,17,-9,3,Clothng,Stole,
B-25999,152,-3,5,Clothing,Saree,
B-26056,206,18,4,Clothing,Hankerchief,10%
B-25753,107,31,5,Clothing,T-shirt,
B-25945,60,3,3,Clothing,Saree,
B-25959,132,49,3,Clothng,Shirt,
B-25882,121,-19,4,Clothing,Stole,
B-26053,120,1,1,Furniture,Chairs,
B-25702,₹75.0,0,3,Clothing,Shirt,
B-25996,47,-1,2,Clothing,Stole,
B-25703,22,-15,4,CLOTHING,Kurti,
B-25654,54,-3,3,Clothing,Saree,
B-25796,37,-6.00%,1,Clothing,Saree,
B-25621,228,63,3,Electronics,Electronic Games,None
B-25996,₹217.0,72.00%,2,Furniture,Furnishings,
B-25851,53,24,6,Clothing,Hankerchief,
B-25881,"1351,0",111,6,Electronics,Electronic Games,
B-25973,39,14,5,Clothing,Leggings,
B-25757,34,-11,5,Clothing,T-shirt,
B-25930,151,29,5,Clothing,Hankerchief,
B-25823,2103,322,8,Electronics,Electronic Games,
B-25743,56,0,4,Clothing,Hankerchief,
B-25772,1183,106,4,Electronics,Printers,
B-25706,₹31.0,-11,4,Clothing,Stole,
B-25605,75,0,7,Clothing,Saree,
B-25837,263,-50,5,clothing,Stole,
B-25612,259,-55,2,Furniture,Chairs,
B-25901,159,2,3,Furn.,Furnishings,
B-25878,741,267,5,Furniture,Bookcases,
B-26054,0,-21,3,Electronics,accessories,5%
B-25748,141,10,4,Clothing,Shirt,
B-25906,₹78.0,27,3,Clothing,Stole,
B-25782,335,-22,7,Furniture,Chairs,
B-25855,98,12,2,Clothing,Handkerchief,
B-25955,294,-62,9,Clothing,T-shirt,
B-25685,529,137,3,Electronics,phone,
B-25979,284,45,2,Furniture,Bookcases,
B-25861,₹50.0,3.00%,2,Clothing,Stole,
B-25762,1316,-527,7,Electronics,electronic games,
B-25654,121,-17.00%,3,Furniture,Furnishings,
B-25926,57,6,5,Clothing,Leggings,
B-25887,2125,234,6,Electronics,Printers,
B-25808,210,50,4,Clothing,Hankerchief,None
B-25838,70,26,5,CLOTHING,Hankerchief,
B-25793,24,-1,4,Clothing,Skirt,
B-26081,₹93.0,-84,3,Clothing,Saree,
B-25604,"65,0",17,2,Clothing,Tee,
B-25651,49,3,1,Clothing,Shirt,
B-25909,12,-2,2,clothing,Skirt,
B-25935,162,20.00%,3,Furniture,Chairs,
B-26096,103,46,2,Clothing,Saree,10%
B-25662,0,-21,1,Electronics,Electronic Games,
B-25983,"32,0",-12,1,Furniture,Chairs,
B-25940,₹46.0,0,4,Clothing,Leggings,
B-26093,81.0 INR,41,5,Clothing,Leggings,
B-26051,382,119,2,Clothing,Saree,
B-25802,13,-9,2,Clothng,Skirt,
B-25658,27,-9,2,Clothng,T-shirt,
B-25701,33,-29,3,Clothing,Shirt,
B-25764,₹24.0,-24,2,Clothing,Saree,
B-26087,180,0,8,Clothing,Stole,
B-26026,255.0 INR,76,9,Clothing,Hankerchief,
B-26016,429,-61,3,Electronics,Electronic Games,
B-25774,38,-6,2,Furniture,Furnishings,
B-25957,147,73,3,Clothing,Stole,
B-25757,"106,0",15.00%,7,Clothing,Hankerchief,
B-25655,396,-31,9,Clothing,Saree,
B-25999,215,-30,2,clothing,Saree,
B-25603,₹38.0,18,1,Clothing,Kurti,
B-25958,₹105.0,25,2,Clothing,Hankerchief,
B-25785,192.0 INR,-146.00%,3,Clothing,Sarees,
B-25825,911,355.00%,5,Electronics,Phones,
B-26010,18,2,3,Clothing,Hankerchief,
B-25950,136,-33,5,Clothing,Saree,
B-26026,25,2,3,Clothing,Kurti,
B-25925,314,-41,3,Electronics,Electronic Games,
B-26073,29,9,3,Clothing,Saree,
B-25697,73,-7,1,Electronics,Phones,
B-25865,85,-1,3,Clothing,Saree,
B-25678,64,-7,3,Clothing,Saree,15%
B-25609,485.0 INR,29,4,Electornics,Electronic Games,
B-25752,33,-27,1,Furniture,Chairs,
B-26091,59,10,4,Clothing,Legging,
B-25679,76,-50,1,Clothing,Saree,
B-25614,494,54,4,Furniture,BOOKCASES,
B-25854,76,19,3,Clothing,Hankerchief,
B-25953,1218,352,9,Furniture,Bookcases,
B-25757,17,-13,4,Clothing,Skirt,
B-26037,171,68,7,Clothing,Stole,
B-26096,451,25,3,Electronics,Phones,
B-25838,955,305,3,Electronics,Printers,
B-26061,₹965.0,-68,3,Electronics,Printers,
B-25815,35,-14,2,Clothing,STOLE,
B-26044,28.0 INR,10,3,Clothing,Skirt,None
B-26004,162,73.00%,2,Electronics,ELECTRONIC GAMES,
B-25989,330,81,1,Furniture,Bookcases,
B-26023,66,22,3,Clothing,Stole,
B-26086,₹43.0,17,2,Clothing,T-shirt,
B-25867,₹240.0,12,6,Clothing,Kurti,None
B-25655,₹312.0,-312,7,Furniture,Chairs,
B-25923,3873,891,6,Electronics,Phones,
B-25999,26,-17,1,Clothing,Stole,
B-25877,269,33,5,Furniture,Chairs,
B-26033,774,170,3,Electronics,Accessories,
B-25896,103,36,2,Clothing,Hankerchief,
B-25903,60,-10,2,Furniture,Furnishings,
B-25654,₹105.0,46,2,Clothing,Stole,
B-26057,224,87,3,Clothing,Trousers,
B-25770,110,35,1,Furniture,Furnishings,
B-25981,867,251,5,Electronics,Phones,
B-26027,54,8,4,Clothing,T-shirt,
B-25645,133,-42,1,Electronics,Printers,
B-25797,31,1,2,Clothing,Hankerchief,
B-26052,148,23,4,Clothing,Kurti,
B-25984,304,-97,6,Clothing,Stole,
B-25623,53,1,4,clothing,Stole,
B-25654,122,-21,3,Furniture,Furnishings,
B-25745,670.0 INR,15,5,Furniture,Bookcases,
B-26090,80,22,3,Clothing,Stole,
B-25670,24,-1,2,Clothing,Hankerchief,
B-26076,450,190,4,Furniture,Bookcases,
B-25977,"180,0",54,4,Clothing,T-shirt,
B-26051,80,22,3,Clothing,Stole,
B-25602,₹119.0,-5,8,Clothing,saree,
B-25950,644.0 INR,167,2,Electronics,Printers,
B-26054,88,19,2,Clothing,Shirt,
B-25955,954,95,3,Electronics,PRINTERS,
B-25754,9,-1,3,Clothing,Skirt,
B-25687,51,21,3,Clothing,T-shirt,
B-25899,₹846.0,9.00%,2,Furniture,Chairs,
B-26050,487,-143,4,Electronics,Phones,
B-25896,₹79.0,-2,2,Furniture,FURNISHINGS,
B-26076,91,22,2,Clothing,Stole,
B-25808,146,-63,3,Electronics,Electronic Games,
B-25718,371,115,1,Furniture,Bookcases,
B-26040,"833,0",93,3,Clothing,trouser,
B-25691,75,-25,3,Clothing,stole,
B-25654,269,-86,2,Electronics,Electronic Games,10%
B-25757,₹3151.0,-35,7,Clothing,Trousers,
B-25816,₹391.0,113,8,Clothing,Stole,
B-26098,409,86,3,Clothing,Saree,
B-26073,₹1514.0,742,4,Electronics,Printers,
B-25786,44,-34,3,Clothing,Stoles,5%
B-25910,₹125.0,15,5,Clothing,Shirt,
B-25761,₹263.0,-31,9,Electronics,Electronic Games,
B-26055,671,114,9,Electronics,Phones,
B-25993,173,86,1,Electronics,Printers,
B-25653,227,102,8,Electronics,Accessories,
B-25745,296,-225,11,Clothing,SAREE,
B-25923,484,-28,3,Electronics,Printers,
B-26081,637,50,5,Clothing,Saree,
B-25825,115,25,6,Clothing,Stole,
B-25755,27,4,2,Clothing,Saree,
B-25661,145,-104,5,Furniture,Chairs,
B-25985,44,11,4,,Stole,
B-26008,₹57.0,-24,5,Clothing,Leggings,
B-25802,₹95.0,5,2,Cloth.,Stole,
B-25653,195.0 INR,-117,5,ELECTRONICS,PHONES,
B-25854,342,154,7,Furniture,Furnishings,
B-25935,150,-32,3,Clothing,Hankerchief,
B-25665,166,-113,4,Electronics,Accessories,
B-25897,24,11,5,Clothing,Hankerchief,
B-25696,168,-9,3,Clothing,Saree,
B-25699,20,-22,1,Furniture,Furnishings,
B-26056,101,11,2,Clothing,Hankerchief,
B-25744,₹373.0,-254,6,Electronics,Printers,5%
B-25651,44,-8,3,Clothing,stole,
B-26002,"141,0",7,7,Clothng,Saree,
B-25667,1030,206,8,Electronics,Printers,
B-25881,36,7,3,Clothing,Leggings,
B-25685,264,-30,3,Furniture,furnishings,
B-26078,"137,0",63.00%,3,clothing,Stole,
B-26073,122,11.00%,4,Clothing,Hankerchief,
B-25987,88,11,7,Clothing,Hankerchief,
B-25737,₹187.0,-15,3,Clothing,Trousers,
B-26051,₹490.0,88,2,Electronics,Accessories,
B-25888,18,2.00%,3,Clothing,Hankerchief,
B-25676,342,-103,4,ELECTRONICS,Electronic Games,
B-25817,743,89,5,Electronics,Printers,
B-25601,66,-12,5,Clothing,Stole,
B-25650,₹245.0,-78.00%,2,Electronics,Printers,
B-25843,18,6,3,CLOTHING,Hankerchief,
B-26097,663,-212,5,Electronics,Printers,
B-25921,71,-44,5,ELECTRONICS,Accessories,
B-26051,669,-74,5,Furniture,Bookcases,
B-26040,113,24,4,Clothing,Hankerchief,
B-26055,250,-12,2,Electronics,Printers,
B-25753,47,-114,5,Furn.,Furnishings,
B-25981,₹48.0,2,3,Clothing,Stole,
B-26023,₹59.0,21,2,Clothing,Stole,
B-25828,537.0 INR,107,3,Clothing,Saree,
B-26057,659.0 INR,-37,2,Furniture,Bookcases,
B-26024,168,18,6,Clothing,Stole,
B-26096,88,11,3,Electronics,Accessories,
B-25704,126,-63,3,Electronics,Accessories,
B-25820,₹119.0,-1,1,Furniture,Chairs ,
B-25848,16,8,2,Clothing,Hankerchief,
B-26035,369,15,3,Electronics,E-Games,
B-25930,58,-17,2,Clothing,Hankerchief,
B-25809,53,24,1,Clothing,hankerchief,
B-25810,₹92.0,42,2,Clothing,Stole,
B-26047,55,12,5,Clothing,SKIRT,
B-26020,₹319.0,102,6,Electronics,Accessories,
B-26093,852,-51,5,Furniture,bookcases,
B-26023,29,0,3,Furniture,Furnishings,
B-26062,44,-40,3,Clothing,Stole,
B-25864,22,8,2,Clothing,LEGGINGS,
B-25818,94,20,2,Furniture,Furnishings,
B-25950,13,4,1,Clothing,Leggings,
B-25788,12,3,1,Clothing,stole,
B-25835,27,2,2,Clothing,LEGGINGS,
B-25796,78,-64,7,Clothing,Stole,
B-25970,365,107,3,Electronics,Mobile Phones,
B-26028,1272,547,2,Electronics,phone,
B-25997,2292.0 INR,127,7,Furniture,Bookcases,
B-25777,1076,-38,4,Electronics,Printers,
B-25955,54,14,3,Clothing,T-shirt,
B-25783,33,-10,6,Clothing,leggings,
B-25999,222,74,5,Clothing,Hankerchief,
B-25854,"436,0",131,9,Clothing,Hankerchief,
B-26063,₹241.0,-77,4,Electronics,Electronic Games,
B-25761,328,-15,3,ELECTRONICS,Electronic Games,
B-25643,1061,-36,8,Furniture,Book Cases,
B-25950,"133,0",5,5,Clothing,Stole,
B-25791,175,77,3,Clothing,Saree,
B-26028,₹77.0,36,2,CLOTHING,Shirt,
B-25853,579,139.00%,3,Electronics,Printers,
B-25891,121,41,4,Clothing,Stole,
B-25898,191,-93,4,Clothing,Shirt,
B-25953,22,-8,4,Clothing,Hankerchief,
B-25670,74,29,3,Clothing,Stole,
B-25740,₹58.0,-8.00%,2,Clothng,Saree,
B-25864,17,5,1,Clothing,Hankerchief,
B-25893,223,62,7,Clothing,Shirt,
B-25743,503,-56,2,Clothing,Pants,
B-25856,689,90,5,Clothing,Saree,
B-26060,382,68,3,Clothing,Saree,
B-26016,"202,0",4,4,Clothing,HANKERCHIEF,
B-25951,30,5,2,Clothing,Kurti,
B-25818,75,28,9,Clothing,Hankerchief,
B-25803,"137,0",-5,5,Clothing,Shirt,
B-25925,₹1228.0,14,3,Furniture,Chairs,
B-25851,336,71,3,Furniture,Bookcases,15%
B-25836,1298,65,9,Electronics,Printers,
B-25643,263,-63.00%,2,Electronics,Electronic Games,
B-25868,1118,206,2,Furniture,Tables,
B-25747,877,395.00%,2,Furniture,Bookcases,
B-25767,29,-3,3,Clothing,Saree,
B-25957,"1157,0",-13,9,Furniture,Bookcases,
B-25955,₹45.0,8,4,Clothing,Skirt,
B-25910,685,7,7,Clothing,Pants,
B-25858,223,27,2,Furniture,Bookcases,
B-25667,₹41.0,6,5,Clothing,Skirt,None
B-25652,206,-206,3,Clothing,Saree,
B-25954,48,11,2,Clothing,Shirt,
B-25616,₹42.0,12,5,Clothing,Hankerchief,
B-25950,190,-19,9,Furniture,Furnishings,
B-25680,73,-25,3,Clothng,Saree,
B-25733,23,-6,4,Clothing,Hanky,
B-25698,₹27.0,-6,4,Clothing,Hankerchief,
B-25750,20,-18,2,Clothing,Sarees,
B-25740,"7,0",0,2,Clothing,Skirt,
B-25798,₹61.0,-50,4,Clothing,Hankerchief,
B-25991,90,30.00%,2,Furniture,chair,
B-25961,446,53,3,Electronics,Printers,
B-25819,417,49,3,Electronics,Electronic Games,
B-25987,₹299.0,0,6,Clothing,Stole,
B-26056,424,161,2,Clothing,Saree,
B-25777,₹61.0,-25,4,Electronics,Accessories,
B-25628,₹45.0,13,4,Clothing,Skirt,
B-25603,107,36.00%,6,Clothing,Stole,
B-25996,18,4,1,Clothing,Saree,
B-25956,₹89.0,-37.00%,4,Clothing,Shirt,
B-25763,58,-52,3,Furniture,Chairs,
B-25734,108,-19,3,Electronics,Electronic Games,
B-25661,"55,0",-33,2,Furniture,Chairs ,
B-25855,550,242,5,Furniture,Furnishings,
B-25673,₹37.0,-5,3,clothing,T-shirt,
B-25862,80,3,3,Clothing,Stoles,
B-25959,32,2,2,Clothing,Kurti,
B-25896,287,66,6,Cloth.,Kurti,
B-25714,11,-5,2,Clothing,HANKERCHIEF,
B-25850,916,192,11,Elect.,Phones,
B-25699,34,-13,5,Clothing,Leggings,
B-25950,₹1622.0,95,5,Electronics,Printers,
B-26032,"47,0",15,5,Clothing,Saree,10%
B-25755,37.0 INR,-53,3,CLOTHING,Saree,
,,,,,,
B-25873,1275,357,2,Electronics,Phones,
B-25693,82,-39,5,Clothing,T-shirt,
B-25943,48,20,4,Clothing,Stole,
B-25667,344,-34,3,Clothing,Saree,
B-25655,9,-6,2,Clothing,Skirt,
B-25851,135,-54,5,CLOTHING,Kurti,
B-25745,44,-8,3,Clothing,Stole,
B-25845,82.0 INR,-33,4,Clothing,Kurti,
B-25979,82,27,3,Clothing,Kurti,
B-25793,40,-33,5,Clothing,Hankerchief,
B-26073,290,-110,9,Clothing,Stole,
B-25951,102,13,2,Clothing,Stole,
B-25951,40,18,1,Electronics,Accessories,None
B-26072,"313,0",44,3,Electronics,Electronic Games,
B-25969,₹2452.0,191,7,Furniture,Bookcases,
B-25669,610,-66,2,Furniture,Tables,
B-25611,"160,0",-59,2,Clothng,Saree,
B-25858,82,13,2,clothing,Shirt,10%
B-25770,287,-280,12,Furniture,Chairs,
B-26097,14,5,1,Clothing,Hankerchief,
B-26062,50,-17,2,CLOTHING,Stole,
B-25640,314.0 INR,-239,13,Clothing,HANKERCHIEF,
B-26055,57,7,2,Clothing,Shirt,
B-25900,15.0 INR,2,1,Clothing,Leggings,
B-25792,74,-25,3,Clothing,Stole,
B-26056,15,6,2,Clothing,Hankerchief,
B-25858,₹294.0,109,7,Electronics,Accessories,
B-25683,148,52,5,Clothing,Stole,
B-25603,116.0 INR,16,4,Clothing,stole,
B-25703,47,-27,4,Clothing,Saree,
B-25801,₹64.0,6,4,Clothing,Saree,5%
B-25738,1069,0,6,CLOTHING,Saree,
B-26043,79,5,6,Clothing,Hankerchief,
B-25656,61,-23,2,Clothing,Saree,
B-25883,₹127.0,29.00%,3,Furniture,Furnishings,
B-25606,87,4,2,Clothing,Shirt,
B-25818,"28,0",14,4,Clothing,Hankerchief,
B-25988,79,24,9,Clothing,Skirt,
B-25881,37,3,3,Clothing,Hankerchief,
B-26029,21,10,1,Clothing,T-shirt,
B-25791,565,66,7,Clothing,Saree,
B-26093,2847,712,8,Electronics,Printes,
B-25838,81,19.00%,7,Clothing,Hankerchief,
B-25924,148,54,2,Furniture,Chairs,
B-25662,24,-2,2,Clothing,T-shirt,
B-25932,71.0 INR,-14,4,Furniture,Furnishings,10%
B-25843,45,0,2,Clothing,Stole,
B-25771,"148,0",59,3,Clothing,Hankerchief,
B-25960,171,-140,2,Furniture,BOOKCASES,
B-25757,165,30,3,Clothing,Stole,
B-25888,₹646.0,213,3,Electronics,Electronic Games,
B-25854,149,-48,6,Clothing,STOLE,
B-25687,357,-139,2,Clothing,SAREE,
B-25607,50,15,4,Clothing,leggings,
B-26052,774,170,3,Electronics,Accessories,
B-25755,"47,0",-3,2,Clothing,Stole,
B-25997,₹48.0,15,1,Clothing,Hankerchief,
B-25696,887,80,3,electronics,Printers,
B-25923,253,-11,1,Clothing,Trousers,
B-26003,1745,-122,2,Furniture,Tables,
B-25738,70,-14,2,Furniture,Furnishings,
B-25869,86,9,3,Clothing,Saree,
B-26082,95,5,2,Clothing,Stole,
B-25717,90,17,3,Clothing,Shirt,
B-25857,324,39,8,Electronics,Accessories,
B-26052,101,-16,4,Clothing,T-shirt,
B-25651,457.0 INR,-41,4,Clothing,Saree,
B-25893,83.0 INR,12,3,clothing,Stole,
B-25978,1063,-175,4,Electronics,Electronic Games,
B-26064,22,0,2,Clothing,Saree,
B-25638,154,39,3,Clothing,Hankerchief,
B-26097,19.0 INR,8,2,CLOTHING,Hankerchief,
B-25710,10,-1,1,Clothing,leggings,
B-26014,278,39,5,Furniture,Chairs,
B-25756,204,-276,3,Furniture,Book Cases,
B-25651,200,-60,4,Furniture,Bookcases,
B-25953,744,-119,6,Electronics,Printers,
B-25964,1270,546,11,Electronics,Elec. Games,
B-25980,22,11,3,Clothing,Kurti,
B-26042,36,15,3,Clothing,Stole,
B-25890,465,207,9,Clothing,Saree,
B-26089,139,14,3,Clothing,Kurti,
B-25979,57,27,2,Clothing,Shirt,
Clothing,,,,,,
